id,estimated_value,asking_price,deadline,bids_avg,bids_count,value_diff
18382142,86404350,200000,26/12/25 at 13:24,32.241.750 baht,0,86204350
18576242,63942500,0,25/12/25 at 19:39,15.987.600 baht,0,63942500
18729319,185005000,125000000,28/12/25 at 17:41,-,0,60005000
18437231,51947400,50,24/12/25 at 11:51,50.000 baht,0,51947350
18671944,211343100,175000000,24/12/25 at 17:31,-,0,36343100
18586120,204444450,175000000,24/12/25 at 17:31,-,0,29444450
18497884,76092500,50000000,25/12/25 at 19:03,-,0,26092500
18153158,74750550,50000000,Today at 16:14,50.000.000 baht,0,24750550
18121197,78699700,54500000,25/12/25 at 12:06,-,0,24199700
18395504,41192800,20642000,24/12/25 at 06:33,22.907.050 baht,0,20550800
18117996,73642350,54500000,25/12/25 at 12:06,-,0,19142350
18153101,18931800,0,Today at 15:30,4.407.200 baht,0,18931800
18387121,53617450,34950000,24/12/25 at 10:48,-,0,18667450
17987814,48739500,31250000,25/12/25 at 10:39,31.250.000 baht,0,17489500
18331665,14981750,0,24/12/25 at 16:41,1.377.100 baht,0,14981750
18184810,64960350,50000000,26/12/25 at 09:25,50.000.000 baht,0,14960350
18259811,54928800,40000000,26/12/25 at 04:22,-,0,14928800
18318437,51922250,37500000,25/12/25 at 14:40,-,0,14422250
18638817,136303300,122500000,26/12/25 at 15:06,-,0,13803300
18539683,82522750,68750000,24/12/25 at 15:59,-,0,13772750
18641740,113722200,100000000,26/12/25 at 07:52,-,0,13722200
18120008,78573900,65000000,25/12/25 at 14:57,-,0,13573900
18078394,45675750,32450000,26/12/25 at 11:35,-,0,13225750
18439710,98201500,85005250,Today at 23:46,85.005.250 baht,0,13196250
18438632,73133900,60000000,Today at 22:45,60.000.000 baht,0,13133900
17986024,20170700,7500000,24/12/25 at 14:55,7.500.000 baht,0,12670700
18070991,72634150,60000000,25/12/25 at 14:58,-,0,12634150
18459223,27321350,15000000,25/12/25 at 19:48,-,0,12321350
18524199,56047250,43750000,24/12/25 at 16:02,-,0,12297250
18587102,24512950,12256500,26/12/25 at 06:48,12.256.500 baht,0,12256450
18215371,19716650,7500000,24/12/25 at 16:44,7.500.000 baht,0,12216650
18370266,55484000,43900400,25/12/25 at 20:36,-,0,11583600
18055996,11463200,0,24/12/25 at 16:38,3.144.600 baht,0,11463200
18051624,11350000,0,24/12/25 at 16:39,625.000 baht,0,11350000
18082629,11221000,0,24/12/25 at 16:40,918.750 baht,0,11221000
18018277,11032100,0,24/12/25 at 16:31,1.562.000 baht,0,11032100
18189635,22382600,11713700,24/12/25 at 06:49,12.967.500 baht,0,10668900
18377510,50496750,40000000,25/12/25 at 19:05,-,0,10496750
18513355,50336000,40000000,26/12/25 at 08:25,-,0,10336000
18119735,12768550,2500000,Today at 20:45,2.500.000 baht,0,10268550
18149455,9978350,0,24/12/25 at 17:36,3.122.550 baht,0,9978350
18498308,46096700,36250000,24/12/25 at 16:02,-,0,9846700
18475755,19406200,9685700,24/12/25 at 06:33,9.859.900 baht,0,9720500
18092208,64704400,55000000,25/12/25 at 14:58,55.000.000 baht,0,9704400
18023610,49595750,40000000,26/12/25 at 12:30,41.293.400 baht,0,9595750
18523326,40796600,31250000,24/12/25 at 16:00,31.250.000 baht,0,9546600
18320204,59835650,50333650,24/12/25 at 23:39,-,0,9502000
18365556,79314100,70000000,24/12/25 at 11:57,-,0,9314100
18053101,27603300,18335000,24/12/25 at 23:38,-,0,9268300
18561077,56761450,47500000,Today at 15:51,-,0,9261450
18334870,18202700,9130250,24/12/25 at 07:14,9.341.650 baht,0,9072450
18435937,38233900,29500000,25/12/25 at 15:31,-,0,8733900
18630012,20015800,11419700,25/12/25 at 02:19,11.419.700 baht,0,8596100
18512229,13206650,4952500,25/12/25 at 06:34,-,0,8254150
18341416,88252600,80000000,24/12/25 at 19:20,80.000.000 baht,0,8252600
18379556,58207000,49999950,26/12/25 at 07:28,-,0,8207050
18387553,16338100,8169050,25/12/25 at 06:55,10.335.650 baht,0,8169050
18125590,15762800,7881400,24/12/25 at 07:00,7.881.400 baht,0,7881400
18241761,11108900,3500000,25/12/25 at 19:48,3.500.000 baht,0,7608900
18052340,27534750,19950000,Today at 21:01,-,0,7584750
18475752,15001850,7500950,24/12/25 at 06:33,8.787.650 baht,0,7500900
18501334,34839950,27500000,24/12/25 at 15:59,27.500.000 baht,0,7339950
18427521,14658950,7329500,26/12/25 at 07:05,7.329.500 baht,0,7329450
18451148,22350200,15190900,25/12/25 at 14:38,-,0,7159300
18495666,43388650,36250000,24/12/25 at 16:01,-,0,7138650
18157186,40528300,33399500,25/12/25 at 14:34,-,0,7128800
18209749,14126700,7063350,26/12/25 at 06:47,7.398.150 baht,0,7063350
18539106,81691900,75000000,29/12/25 at 20:51,-,0,6691900
18447920,76572600,70000000,24/12/25 at 11:58,70.000.000 baht,0,6572600
18308516,46382500,40000000,Today at 17:46,-,0,6382500
18339261,26293550,19950000,24/12/25 at 16:51,-,0,6343550
18347017,16330950,10092350,24/12/25 at 06:36,10.092.350 baht,0,6238600
18388201,6176100,0,2 Days,-,0,6176100
18503293,51056150,45000000,26/12/25 at 15:06,-,0,6056150
18372517,93440400,87500000,26/12/25 at 10:17,-,0,5940400
18183143,57215850,51305950,25/12/25 at 06:48,-,0,5909900
18499178,43216700,37500000,25/12/25 at 09:34,-,0,5716700
18536220,20336350,15000000,26/12/25 at 08:23,-,0,5336350
18177830,57635450,52500000,28/12/25 at 08:48,52.500.000 baht,0,5135450
18007092,26605700,21484100,29/12/25 at 09:18,21.484.100 baht,0,5121600
18163719,15608450,10750000,24/12/25 at 16:48,10.750.000 baht,0,4858450
18017098,4641250,0,28/12/25 at 20:49,630.800 baht,0,4641250
18254974,57047100,52500000,29/12/25 at 20:52,-,0,4547100
18085622,14486200,10000000,24/12/25 at 18:20,-,0,4486200
18518490,34475150,30000000,26/12/25 at 08:25,-,0,4475150
18121233,12646600,8200000,24/12/25 at 16:48,8.200.000 baht,0,4446600
18515462,22178300,17800000,24/12/25 at 16:03,-,0,4378300
18583325,44313950,40000000,25/12/25 at 07:09,40.000.000 baht,0,4313950
18380286,39297000,35000000,25/12/25 at 09:36,-,0,4297000
18219092,8480650,4240350,25/12/25 at 07:07,4.240.350 baht,0,4240300
18239600,8253200,4144600,24/12/25 at 06:52,4.144.600 baht,0,4108600
18610542,26569350,22500000,26/12/25 at 08:14,-,0,4069350
18298054,4033000,50000,25/12/25 at 13:21,-,0,3983000
18528783,11411250,7500000,25/12/25 at 14:35,-,0,3911250
18308759,59640500,55763500,29/12/25 at 23:22,-,0,3877000
18421101,3878150,116500,24/12/25 at 07:36,-,0,3761650
18286383,50157050,46428550,24/12/25 at 13:49,-,0,3728500
18345332,23709950,20000000,25/12/25 at 17:22,-,0,3709950
18091868,3707300,0,24/12/25 at 06:54,-,0,3707300
18368944,23555150,20000000,24/12/25 at 14:10,-,0,3555150
18442440,28291350,24738000,25/12/25 at 07:06,-,0,3553350
18277712,3548000,0,24/12/25 at 07:28,-,0,3548000
18210425,3525950,0,24/12/25 at 06:46,-,0,3525950
18177670,3555250,50000,24/12/25 at 13:58,-,0,3505250
18224804,3580100,103700,24/12/25 at 07:28,-,0,3476400
18454738,43438550,40000000,24/12/25 at 13:57,-,0,3438550
18208415,3430150,0,24/12/25 at 07:32,-,0,3430150
18223188,3417300,0,24/12/25 at 06:29,760.750 baht,0,3417300
18224431,3408700,0,24/12/25 at 06:37,-,0,3408700
18125314,3408700,0,24/12/25 at 06:49,-,0,3408700
18004745,4130600,742600,24/12/25 at 06:34,-,0,3388000
18057423,3386050,0,24/12/25 at 06:46,487.500 baht,0,3386050
18368737,3745800,360300,24/12/25 at 07:05,360.300 baht,0,3385500
18094508,63366450,60000000,25/12/25 at 14:58,-,0,3366450
18106076,3361250,0,24/12/25 at 07:02,-,0,3361250
18262712,3313600,0,24/12/25 at 06:42,-,0,3313600
18315780,3290050,0,24/12/25 at 07:09,50.000 baht,0,3290050
18292956,3280950,0,24/12/25 at 07:11,-,0,3280950
18325220,3277950,0,24/12/25 at 06:38,-,0,3277950
18447387,38261150,35000000,26/12/25 at 05:58,-,0,3261150
18086348,3237600,0,24/12/25 at 06:40,-,0,3237600
18102999,3237500,0,24/12/25 at 07:04,-,0,3237500
18045589,3230850,0,24/12/25 at 07:39,-,0,3230850
18113848,3227800,0,24/12/25 at 06:38,-,0,3227800
18475871,5142150,1936000,25/12/25 at 07:39,-,0,3206150
18544473,37164600,33982750,24/12/25 at 06:41,-,0,3181850
18150540,3178850,0,24/12/25 at 07:19,-,0,3178850
18497377,12171600,8999500,25/12/25 at 14:35,8.999.500 baht,0,3172100
18289369,56424350,53253200,24/12/25 at 07:16,-,0,3171150
18376450,60653450,57500000,24/12/25 at 11:50,-,0,3153450
18132778,3151750,0,24/12/25 at 07:04,-,0,3151750
18516748,15648250,12500000,24/12/25 at 14:58,-,0,3148250
18130573,3145400,0,24/12/25 at 06:53,-,0,3145400
18096814,3371000,225700,24/12/25 at 07:29,-,0,3145300
18449543,38055950,34914850,25/12/25 at 06:37,-,0,3141100
18502742,43917050,40797250,24/12/25 at 06:59,-,0,3119800
18425974,13122300,10005550,25/12/25 at 12:49,-,0,3116750
18404980,23006150,19950000,24/12/25 at 17:23,-,0,3056150
18217147,3147550,95600,24/12/25 at 07:41,-,0,3051950
18072345,3235150,185850,24/12/25 at 06:54,-,0,3049300
18135802,3149600,107350,24/12/25 at 06:49,-,0,3042250
18059582,3035250,0,24/12/25 at 06:43,-,0,3035250
18527639,21313600,18299150,24/12/25 at 07:04,-,0,3014450
18077115,3227600,248100,24/12/25 at 06:38,-,0,2979500
18275646,3295700,342650,24/12/25 at 07:17,-,0,2953050
18493945,52949000,50000000,25/12/25 at 14:34,-,0,2949000
17986968,2897000,0,24/12/25 at 06:31,-,0,2897000
18300403,2894950,0,24/12/25 at 06:58,-,0,2894950
18314869,2894950,0,24/12/25 at 07:08,-,0,2894950
18010186,2892350,0,24/12/25 at 07:29,-,0,2892350
18420232,30232300,27360000,24/12/25 at 06:31,-,0,2872300
18375677,3617550,750000,25/12/25 at 13:20,-,0,2867550
18322980,3290050,433750,24/12/25 at 06:50,-,0,2856300
18317689,2855750,0,24/12/25 at 07:34,-,0,2855750
18336700,2852600,0,24/12/25 at 07:36,-,0,2852600
18448004,24699300,22000000,25/12/25 at 10:12,-,0,2699300
17992256,52663350,50000000,Today at 15:31,-,0,2663350
18500265,46412100,43750000,24/12/25 at 16:02,-,0,2662100
18455272,67627900,65000000,24/12/25 at 20:36,-,0,2627900
18284646,6848650,4250000,25/12/25 at 13:18,-,0,2598650
18612094,30060600,27500000,24/12/25 at 13:49,-,0,2560600
18175507,2515050,0,24/12/25 at 07:27,-,0,2515050
18629189,19025000,16520550,24/12/25 at 06:34,-,0,2504450
18273517,40776700,38318700,24/12/25 at 07:04,-,0,2458000
18454151,18439350,16000000,25/12/25 at 17:27,-,0,2439350
18393280,17627250,15210600,26/12/25 at 06:43,-,0,2416650
18501470,27360350,24950000,Today at 21:14,-,0,2410350
18461159,7405900,5000000,Today at 16:00,-,0,2405900
18112243,2377850,0,24/12/25 at 06:34,-,0,2377850
18022500,2433300,59550,24/12/25 at 06:52,-,0,2373750
18004899,2461000,122350,24/12/25 at 06:46,-,0,2338650
18275222,42328350,40000000,26/12/25 at 15:06,-,0,2328350
18477793,17463350,15152600,25/12/25 at 07:05,-,0,2310750
18325765,16118150,13826450,26/12/25 at 07:14,-,0,2291700
18179312,3164600,913000,24/12/25 at 06:32,-,0,2251600
18255653,2246800,0,24/12/25 at 07:17,-,0,2246800
18377216,51983100,49750000,24/12/25 at 10:10,-,0,2233100
18172559,3239550,1035200,24/12/25 at 06:30,-,0,2204350
18220727,2186800,0,24/12/25 at 07:38,-,0,2186800
18180481,2185600,0,24/12/25 at 06:35,-,0,2185600
18278961,2184300,0,24/12/25 at 07:07,-,0,2184300
18050931,2127900,0,24/12/25 at 07:33,-,0,2127900
18061324,4191200,2080000,25/12/25 at 06:45,2.080.000 baht,0,2111200
18373713,31959600,29849550,25/12/25 at 06:32,-,0,2110050
18339152,4194350,2097200,24/12/25 at 07:34,2.097.200 baht,0,2097150
18306123,32190400,30098000,29/12/25 at 23:22,-,0,2092400
18258665,2138850,53300,24/12/25 at 06:54,-,0,2085550
18051087,4088200,2058400,24/12/25 at 07:10,2.058.400 baht,0,2029800
18387103,38065600,36085400,24/12/25 at 06:36,-,0,1980200
18057145,18898350,16926700,26/12/25 at 06:52,-,0,1971650
18324493,3929400,1959000,25/12/25 at 06:41,1.959.000 baht,0,1970400
18249901,4077100,2159400,24/12/25 at 06:47,2.159.400 baht,0,1917700
18194847,61901200,60000000,Today at 15:39,60.000.000 baht,0,1901200
18053709,1895350,0,24/12/25 at 07:10,-,0,1895350
18044776,1888450,0,24/12/25 at 07:00,-,0,1888450
18100076,1878350,0,24/12/25 at 06:35,-,0,1878350
18095424,3753200,1876600,26/12/25 at 07:33,-,0,1876600
18056126,3244950,1378150,24/12/25 at 06:54,-,0,1866800
18135203,1916600,53850,24/12/25 at 07:11,-,0,1862750
18530040,26855400,25000000,24/12/25 at 07:27,-,0,1855400
18004271,1837750,0,24/12/25 at 06:30,-,0,1837750
18591147,39337050,37500000,Today at 19:36,37.500.000 baht,0,1837050
17996072,1834400,0,24/12/25 at 07:17,-,0,1834400
18055173,1830000,0,24/12/25 at 06:47,-,0,1830000
17987264,1828100,0,24/12/25 at 07:37,-,0,1828100
18007623,1827600,0,24/12/25 at 06:36,-,0,1827600
18354608,24454350,22643950,24/12/25 at 06:31,22.643.950 baht,0,1810400
18055754,36807150,35000000,27/12/25 at 15:25,35.000.000 baht,0,1807150
18438585,71164050,69362000,25/12/25 at 06:40,-,0,1802050
17993976,26246450,24446500,29/12/25 at 23:21,-,0,1799950
17990490,2125800,326500,24/12/25 at 06:38,-,0,1799300
18378048,35787750,34000000,25/12/25 at 15:30,-,0,1787750
18005370,1840050,76850,24/12/25 at 07:06,-,0,1763200
18520317,13128700,11375000,25/12/25 at 06:52,11.375.000 baht,0,1753700
18083486,1889400,140050,24/12/25 at 07:31,-,0,1749350
18272109,3911550,2178750,24/12/25 at 06:58,2.178.750 baht,0,1732800
18079196,1887100,171100,24/12/25 at 07:16,-,0,1716000
18422291,25786900,24081100,24/12/25 at 06:31,-,0,1705800
18088330,8783200,7092450,27/12/25 at 09:20,7.092.450 baht,0,1690750
18156069,3375950,1688000,26/12/25 at 06:38,-,0,1687950
18050597,1894350,234850,24/12/25 at 07:11,-,0,1659500
18178586,2650800,1000000,Today at 20:44,1.077.800 baht,0,1650800
18313958,3408650,1796350,25/12/25 at 07:00,-,0,1612300
18336354,21193850,19601900,26/12/25 at 06:30,-,0,1591950
18380500,17627250,16047900,24/12/25 at 06:39,-,0,1579350
18610498,24131750,22563200,26/12/25 at 09:21,22.563.200 baht,0,1568550
18153880,3128500,1560950,24/12/25 at 07:25,-,0,1567550
18521960,13016900,11480250,24/12/25 at 07:13,-,0,1536650
18453369,23660700,22142950,26/12/25 at 06:37,22.142.950 baht,0,1517750
18119693,3035250,1517650,26/12/25 at 07:03,-,0,1517600
18087521,51514950,50000000,25/12/25 at 14:58,-,0,1514950
18281272,14011500,12500000,25/12/25 at 12:56,-,0,1511500
18068088,3020050,1510050,26/12/25 at 07:30,-,0,1510000
18421759,12701750,11201300,25/12/25 at 06:39,-,0,1500450
18516085,43990550,42500000,24/12/25 at 06:39,-,0,1490550
18132351,3361250,1904700,24/12/25 at 06:30,-,0,1456550
18418879,11462650,10010050,26/12/25 at 06:31,10.010.050 baht,0,1452600
18222273,11343000,9910200,25/12/25 at 06:55,9.910.200 baht,0,1432800
18391594,14058200,12649200,24/12/25 at 06:34,-,0,1409000
18400846,9541350,8161800,25/12/25 at 06:58,-,0,1379550
18530901,14490500,13121450,26/12/25 at 07:05,-,0,1369050
18370570,16874350,15513850,24/12/25 at 07:28,-,0,1360500
18033439,2706350,1358850,25/12/25 at 06:41,1.516.750 baht,0,1347500
18066581,27950050,26604000,29/12/25 at 23:21,-,0,1346050
18231683,8354250,7050100,24/12/25 at 06:35,-,0,1304150
18178765,6771400,5497900,25/12/25 at 06:30,5.497.900 baht,0,1273500
18110008,63771950,62500000,29/12/25 at 13:28,-,0,1271950
18276882,54912850,53649500,29/12/25 at 23:21,-,0,1263350
18127556,2485500,1240750,25/12/25 at 06:39,1.240.750 baht,0,1244750
18069471,2429000,1214500,26/12/25 at 06:43,-,0,1214500
18342428,4963450,3750000,Today at 16:00,3.750.000 baht,0,1213450
18598882,29351800,28138550,24/12/25 at 07:31,28.138.550 baht,0,1213250
18369767,38234300,37032500,24/12/25 at 07:18,-,0,1201800
18043913,2369250,1184650,25/12/25 at 07:01,1.184.650 baht,0,1184600
18129109,1888450,710900,25/12/25 at 06:29,-,0,1177550
18043939,8185300,7026200,25/12/25 at 06:43,-,0,1159100
18345351,26147400,25000000,24/12/25 at 03:02,-,0,1147400
18647745,66123950,65000000,24/12/25 at 14:09,-,0,1123950
18346818,12040200,10925600,26/12/25 at 07:00,10.925.600 baht,0,1114600
18506268,11287650,10189350,26/12/25 at 06:42,-,0,1098300
18478951,14446250,13368800,24/12/25 at 07:13,13.368.800 baht,0,1077450
18468989,12975300,11900600,24/12/25 at 07:22,-,0,1074700
18003637,2128800,1067850,25/12/25 at 06:58,-,0,1060950
18605760,25942100,24905100,24/12/25 at 06:39,-,0,1037000
18386810,8534250,7506700,25/12/25 at 07:01,7.506.700 baht,0,1027550
18523078,7650550,6643700,24/12/25 at 07:39,6.643.700 baht,0,1006850
18439270,7325150,6320200,26/12/25 at 06:37,-,0,1004950
18464107,8668400,7684750,24/12/25 at 07:25,-,0,983650
18521141,20336350,19376600,26/12/25 at 06:44,-,0,959750
18552005,11920600,10961000,24/12/25 at 07:03,-,0,959600
18565198,20400400,19450000,Today at 20:34,19.450.000 baht,0,950400
18380213,20949650,20000000,24/12/25 at 03:01,-,0,949650
18045822,1892200,946100,26/12/25 at 07:36,-,0,946100
18520916,36557750,35630600,25/12/25 at 06:45,-,0,927150
18070195,1893900,973000,24/12/25 at 07:28,-,0,920900
18014460,1827600,913800,26/12/25 at 07:07,-,0,913800
18428018,8406500,7498850,24/12/25 at 06:48,7.498.850 baht,0,907650
18474915,7667050,6759650,24/12/25 at 06:55,-,0,907400
18447689,6982150,6083400,26/12/25 at 07:16,-,0,898750
18162527,3035250,2144100,24/12/25 at 07:16,-,0,891150
18462497,8750550,7864150,25/12/25 at 06:57,-,0,886400
18382185,50882950,50000000,28/12/25 at 14:40,-,0,882950
18398318,5876600,5000000,26/12/25 at 08:10,-,0,876600
18339273,8548150,7679600,25/12/25 at 06:37,7.679.600 baht,0,868550
18089100,14714850,13874100,25/12/25 at 07:02,-,0,840750
18447822,6247400,5415200,24/12/25 at 07:04,-,0,832200
18502986,10707700,9889450,25/12/25 at 07:00,-,0,818250
18378505,6861350,6048500,26/12/25 at 07:00,6.048.500 baht,0,812850
18435595,28928950,28130950,24/12/25 at 06:54,-,0,798000
18002733,4091450,3307400,26/12/25 at 09:19,3.307.400 baht,0,784050
18414817,8053050,7269950,24/12/25 at 07:30,-,0,783100
18345497,9103700,8320750,26/12/25 at 07:06,-,0,782950
18014455,3207500,2433000,24/12/25 at 07:31,-,0,774500
18449146,5762800,5000000,26/12/25 at 08:11,-,0,762800
18443202,6964800,6215550,24/12/25 at 07:35,-,0,749250
18006229,7414650,6693150,26/12/25 at 06:55,6.693.150 baht,0,721500
18391473,9536700,8828900,25/12/25 at 06:47,-,0,707800
18481007,13195500,12500000,26/12/25 at 10:52,-,0,695500
18137497,50685850,50000000,25/12/25 at 17:43,-,0,685850
18417929,5876600,5198150,25/12/25 at 06:58,-,0,678450
18256592,21594450,20931550,25/12/25 at 06:37,-,0,662900
18318491,5025400,4366150,26/12/25 at 07:12,-,0,659250
18195894,15576300,14927400,25/12/25 at 06:59,-,0,648900
18433188,8548300,7911200,26/12/25 at 07:28,-,0,637100
17982092,5641300,5019650,26/12/25 at 07:06,5.019.650 baht,0,621650
18003811,10259300,9663950,26/12/25 at 06:30,-,0,595350
18396312,55595250,55000000,24/12/25 at 03:03,-,0,595250
18418819,55593350,55000000,Today at 16:40,-,0,593350
18293447,43682300,43092200,26/12/25 at 07:22,-,0,590100
18054801,1827600,1248600,24/12/25 at 07:06,-,0,579000
18077868,1895350,1316750,25/12/25 at 06:31,-,0,578600
18231444,12825350,12248000,29/12/25 at 23:21,-,0,577350
18188461,33313300,32751000,29/12/25 at 23:21,-,0,562300
18439258,8524200,7965500,25/12/25 at 06:42,7.965.500 baht,0,558700
18310719,45170450,44628000,29/12/25 at 23:22,-,0,542450
18442055,7600700,7061250,24/12/25 at 07:01,-,0,539450
18333360,54537600,54000000,Today at 18:12,-,0,537600
18185595,2148050,1611100,24/12/25 at 07:26,-,0,536950
18339537,5036250,4500750,26/12/25 at 06:42,-,0,535500
18268114,5185950,4660300,24/12/25 at 07:01,4.660.300 baht,0,525650
18653346,19025000,18500000,25/12/25 at 10:11,18.500.000 baht,0,525000
18356821,9722950,9200850,24/12/25 at 06:29,-,0,522100
18446507,4531350,4013150,25/12/25 at 06:52,-,0,518200
18312694,4056100,3548650,24/12/25 at 06:33,-,0,507450
18316264,5036250,4545650,25/12/25 at 06:47,-,0,490600
18284120,55155250,54669350,25/12/25 at 06:30,-,0,485900
18221081,6842150,6361800,24/12/25 at 06:31,6.361.800 baht,0,480350
18410834,25829650,25350000,Today at 21:13,25.350.000 baht,0,479650
18314815,12644000,12172600,25/12/25 at 06:39,-,0,471400
18124928,3943900,3475350,24/12/25 at 07:02,3.475.350 baht,0,468550
18147056,1715050,1250000,Today at 16:00,-,0,465050
18555366,12955800,12500000,24/12/25 at 14:16,-,0,455800
18257526,12323150,11876000,24/12/25 at 06:31,-,0,447150
18346687,7120750,6687750,25/12/25 at 06:47,6.687.750 baht,0,433000
18423689,4674650,4242450,26/12/25 at 06:52,-,0,432200
18454510,16686400,16255000,24/12/25 at 07:01,-,0,431400
18143050,3943900,3513800,26/12/25 at 06:37,3.513.800 baht,0,430100
18415970,30224900,29801500,29/12/25 at 23:22,-,0,423400
18270473,2855750,2433250,25/12/25 at 06:48,-,0,422500
18368453,15062650,14645200,25/12/25 at 06:39,-,0,417450
18494326,14990750,14590900,25/12/25 at 14:37,-,0,399850
18472990,6144150,5745900,26/12/25 at 07:37,-,0,398250
18098132,3221100,2829800,25/12/25 at 06:32,2.829.800 baht,0,391300
18306376,3840800,3453700,24/12/25 at 06:56,-,0,387100
18317767,8253200,7902200,24/12/25 at 06:52,-,0,351000
18435575,6922400,6619050,24/12/25 at 06:39,-,0,303350
18440422,7292650,6992800,24/12/25 at 07:11,-,0,299850
18360664,5880100,5586950,25/12/25 at 06:39,5.586.950 baht,0,293150
18304533,16330950,16046650,24/12/25 at 07:10,-,0,284300
18421377,6846150,6563650,24/12/25 at 06:54,-,0,282500
18129469,8314100,8033900,26/12/25 at 07:00,-,0,280200
18357465,3359500,3095500,26/12/25 at 06:48,-,0,264000
18385680,6043300,5783500,24/12/25 at 06:57,5.783.500 baht,0,259800
18440234,4715650,4463950,25/12/25 at 06:52,-,0,251700
18430359,5977900,5731200,24/12/25 at 07:29,-,0,246700
18006575,2191900,1946050,24/12/25 at 06:35,-,0,245850
18237985,3806350,3563350,24/12/25 at 06:42,-,0,243000
18308205,8175200,7939550,25/12/25 at 06:44,7.939.550 baht,0,235650
18517980,8737950,8531550,25/12/25 at 07:01,-,0,206400
18204020,9212200,9010500,24/12/25 at 06:33,-,0,201700
18419458,4365100,4165300,26/12/25 at 06:30,-,0,199800
18449531,8641650,8449150,24/12/25 at 07:01,-,0,192500
18389877,7151400,6962100,24/12/25 at 06:58,-,0,189300
18132353,3240650,3055900,24/12/25 at 07:35,-,0,184750
17996448,4164800,3981450,24/12/25 at 06:37,-,0,183350
18610519,11396750,11215700,25/12/25 at 06:43,-,0,181050
18434954,39679200,39500000,25/12/25 at 03:08,-,0,179200
18310977,5093900,4932700,24/12/25 at 07:31,4.932.700 baht,0,161200
18334110,3220750,3061350,24/12/25 at 06:32,-,0,159400
18472623,10286100,10133450,24/12/25 at 06:55,-,0,152650
18161999,1893100,1742950,25/12/25 at 06:42,-,0,150150
18452267,8063450,7914550,24/12/25 at 06:54,-,0,148900
18180864,2678250,2534300,25/12/25 at 06:42,-,0,143950
18383300,12976000,12833000,29/12/25 at 23:22,-,0,143000
18318173,8612500,8471000,24/12/25 at 07:23,-,0,141500
18599879,20023650,19900000,24/12/25 at 14:10,-,0,123650
18004620,1829900,1709200,24/12/25 at 07:05,-,0,120700
18325849,5008250,4900100,25/12/25 at 06:43,-,0,108150
18431339,6893500,6792350,25/12/25 at 07:02,-,0,101150
18272541,11575800,11479650,25/12/25 at 07:01,-,0,96150
18234913,13430550,13343250,24/12/25 at 06:36,-,0,87300
18255624,4354800,4269300,25/12/25 at 06:52,-,0,85500
18202277,2298550,2220450,24/12/25 at 06:29,-,0,78100
18513855,55069550,55000000,24/12/25 at 22:25,-,0,69550
18350118,6422950,6355300,26/12/25 at 07:09,-,0,67650
18118462,5864900,5800500,25/12/25 at 06:44,5.800.500 baht,0,64400
18155393,3151750,3087500,25/12/25 at 06:54,-,0,64250
18442775,8602050,8540150,24/12/25 at 06:47,8.540.150 baht,0,61900
18440067,14209600,14151200,26/12/25 at 07:17,-,0,58400
18504696,6278250,6221550,25/12/25 at 06:55,-,0,56700
18158510,20591700,20550850,24/12/25 at 06:32,-,0,40850
18124733,39878500,39847750,25/12/25 at 06:53,-,0,30750
18479494,13052500,13022500,24/12/25 at 06:41,-,0,30000
18091429,14745850,14718250,25/12/25 at 07:02,-,0,27600
18431543,6629450,6605450,25/12/25 at 06:57,-,0,24000
18405150,7332500,7310500,24/12/25 at 06:35,-,0,22000
18245686,5618500,5602250,24/12/25 at 07:03,-,0,16250
18196012,4778150,4762350,25/12/25 at 06:47,-,0,15800
18411065,8045200,8037800,24/12/25 at 07:19,-,0,7400
18414964,5177650,5172700,26/12/25 at 06:30,-,0,4950
18276727,10345050,10340800,24/12/25 at 06:33,-,0,4250
18050979,3134400,3134400,24/12/25 at 06:34,-,0,0
18124228,12109500,12109500,24/12/25 at 07:18,-,0,0
18272518,3921650,3921650,24/12/25 at 07:20,-,0,0
18265875,15731900,15731900,24/12/25 at 07:34,-,0,0
18074490,2343300,2343300,25/12/25 at 07:39,-,0,0
18413405,7033250,7033250,24/12/25 at 07:08,-,0,0
18212902,3772350,3772350,24/12/25 at 06:45,-,0,0
18121684,9719400,9719400,24/12/25 at 07:12,-,0,0
18098688,2409000,2409000,24/12/25 at 07:03,-,0,0
18122123,3715050,3715050,24/12/25 at 07:15,-,0,0
17992525,8331550,8331550,24/12/25 at 07:11,-,0,0
18278413,3733550,3733550,24/12/25 at 06:33,-,0,0
18164185,4341600,4341600,24/12/25 at 06:32,-,0,0
18122542,11429600,11429600,24/12/25 at 06:29,-,0,0
18055953,5857300,5857300,24/12/25 at 07:29,-,0,0
18120383,10557650,10557650,24/12/25 at 07:20,-,0,0
18046741,2128800,2128800,24/12/25 at 07:22,-,0,0
18402111,11357750,11357750,24/12/25 at 07:28,-,0,0
18111699,15526350,15526350,24/12/25 at 07:18,-,0,0
17985463,11371250,11371250,24/12/25 at 06:49,-,0,0
18118114,4191200,4191200,24/12/25 at 07:29,-,0,0
18061837,5573850,5573850,24/12/25 at 06:32,-,0,0
18133628,9931500,9931500,24/12/25 at 06:49,-,0,0
18172942,12249850,12249850,24/12/25 at 06:49,-,0,0
18002407,10297250,10297250,24/12/25 at 07:17,-,0,0
18061086,2129350,2129350,24/12/25 at 07:05,-,0,0
18190962,4719050,4719050,24/12/25 at 06:58,-,0,0
18463673,10821300,10821300,24/12/25 at 07:18,-,0,0
18132886,14302700,14302700,24/12/25 at 06:36,-,0,0
18138504,2485500,2485500,26/12/25 at 07:34,-,0,0
18087165,3227250,3227250,24/12/25 at 07:08,-,0,0
18056346,5542050,5542050,24/12/25 at 06:34,-,0,0
18103379,5797550,5797550,24/12/25 at 07:11,-,0,0
18159115,3227800,3227800,24/12/25 at 06:33,-,0,0
18025543,4564600,4564600,24/12/25 at 07:12,-,0,0
18349882,20643750,20643750,24/12/25 at 06:49,-,0,0
18334235,10460000,10460000,24/12/25 at 07:08,-,0,0
18007211,2142500,2142500,25/12/25 at 07:39,-,0,0
18209460,4526150,4526150,24/12/25 at 07:19,-,0,0
18099041,9070800,9070800,24/12/25 at 06:35,-,0,0
18059142,3649600,3649600,24/12/25 at 06:43,-,0,0
18133536,3327300,3327300,24/12/25 at 07:11,-,0,0
18146684,3227600,3227600,24/12/25 at 06:58,-,0,0
18273689,4719050,4719050,24/12/25 at 07:11,-,0,0
18264222,4798350,4798350,24/12/25 at 07:23,-,0,0
18311609,13158050,13158050,24/12/25 at 06:29,-,0,0
18360518,3936550,3936550,24/12/25 at 07:20,-,0,0
18147058,1808650,1808650,24/12/25 at 07:27,-,0,0
18195622,3910100,3910100,25/12/25 at 07:15,-,0,0
17982365,4168350,4168350,24/12/25 at 07:37,-,0,0
18061754,3372550,3372550,24/12/25 at 07:18,-,0,0
18054244,1830000,1830000,24/12/25 at 06:46,-,0,0
18157487,15608450,15608450,24/12/25 at 07:14,15.608.450 baht,0,0
18396035,15568550,15568550,24/12/25 at 07:20,-,0,0
18048861,2343750,2343750,26/12/25 at 07:32,-,0,0
18455058,8851300,8851300,24/12/25 at 06:59,-,0,0
18085921,14916700,14916700,24/12/25 at 07:28,-,0,0
18145908,3056950,3056950,24/12/25 at 07:40,-,0,0
18204250,1920900,1920900,24/12/25 at 06:30,-,0,0
18121463,2320900,2320900,24/12/25 at 06:42,-,0,0
18151122,4183950,4183950,24/12/25 at 06:54,-,0,0
18121943,2691800,2691800,24/12/25 at 06:54,-,0,0
18147041,1909550,1909550,24/12/25 at 06:30,-,0,0
18132560,2485500,2485500,24/12/25 at 07:23,-,0,0
18005522,2431250,2431250,24/12/25 at 07:32,-,0,0
18115998,3375950,3375950,24/12/25 at 06:33,-,0,0
18160152,8100050,8100050,24/12/25 at 07:20,-,0,0
18054385,5895400,5895400,24/12/25 at 06:32,-,0,0
18186232,6398550,6398550,24/12/25 at 06:57,-,0,0
17995691,3648550,3648550,25/12/25 at 06:34,-,0,0
18111494,3075550,3075550,24/12/25 at 06:39,-,0,0
18049374,26654700,26654700,24/12/25 at 07:20,-,0,0
18202829,4736250,4736250,26/12/25 at 07:18,-,0,0
18461446,6639150,6639150,24/12/25 at 06:49,-,0,0
18251515,15579500,15579500,24/12/25 at 06:56,-,0,0
17989507,2681900,2683450,24/12/25 at 07:12,-,0,-1550
18260824,5072750,5075150,24/12/25 at 06:33,-,0,-2400
18036664,4089450,4093850,24/12/25 at 06:29,-,0,-4400
18054286,4090950,4095400,24/12/25 at 06:30,-,0,-4450
18038992,2714300,2725600,25/12/25 at 06:35,-,0,-11300
18435855,5399050,5414100,24/12/25 at 07:29,-,0,-15050
18386406,5060300,5079950,24/12/25 at 07:26,-,0,-19650
18314173,3234550,3266850,24/12/25 at 07:10,-,0,-32300
18465359,11350900,11384600,24/12/25 at 07:33,-,0,-33700
18131819,9169000,9202700,25/12/25 at 06:56,-,0,-33700
18527772,15029450,15065650,26/12/25 at 06:48,-,0,-36200
18203527,3466000,3504150,25/12/25 at 06:33,-,0,-38150
18330788,7393300,7432500,26/12/25 at 06:41,-,0,-39200
18227703,5756150,5799150,25/12/25 at 06:52,-,0,-43000
18353884,4564800,4612500,24/12/25 at 07:17,-,0,-47700
18031812,6521950,6580350,26/12/25 at 06:30,-,0,-58400
18199380,3945550,4005550,25/12/25 at 07:03,-,0,-60000
18140623,1963200,2034000,26/12/25 at 07:20,-,0,-70800
18315188,3890000,3961200,25/12/25 at 06:57,-,0,-71200
18074516,18675650,18750000,25/12/25 at 11:51,-,0,-74350
18365673,3222600,3301800,24/12/25 at 07:03,-,0,-79200
18260482,4612650,4697200,25/12/25 at 06:40,-,0,-84550
18113931,5430550,5521950,25/12/25 at 06:32,-,0,-91400
18421340,5093900,5185900,24/12/25 at 06:35,-,0,-92000
18098710,5473500,5580150,25/12/25 at 07:00,-,0,-106650
18458097,59548450,59669650,24/12/25 at 02:18,-,0,-121200
18229326,3532750,3663700,25/12/25 at 07:03,-,0,-130950
18381698,5528550,5665400,25/12/25 at 06:44,-,0,-136850
18215636,4719050,4864600,25/12/25 at 07:03,-,0,-145550
18325700,4743600,4895350,25/12/25 at 06:40,-,0,-151750
18376891,4982150,5145800,24/12/25 at 06:34,-,0,-163650
18320456,8350400,8515850,24/12/25 at 07:04,-,0,-165450
18054748,3224950,3392000,24/12/25 at 06:31,-,0,-167050
18329511,3700400,3872450,26/12/25 at 07:40,-,0,-172050
18327703,4392950,4571200,26/12/25 at 06:52,-,0,-178250
18461350,26028550,26231150,24/12/25 at 06:29,-,0,-202600
18469441,19533100,19739550,26/12/25 at 06:49,-,0,-206450
18058908,2126250,2336250,24/12/25 at 07:05,-,0,-210000
18138479,6112400,6323350,24/12/25 at 07:11,-,0,-210950
18461487,8668400,8892600,25/12/25 at 06:30,-,0,-224200
18131717,11481800,11708900,26/12/25 at 06:57,-,0,-227100
18302109,16169850,16409550,26/12/25 at 07:28,-,0,-239700
18323137,10379200,10621900,25/12/25 at 06:55,-,0,-242700
18134461,1894350,2156100,24/12/25 at 06:57,-,0,-261750
18216236,3119800,3384600,26/12/25 at 06:44,-,0,-264800
18181011,3367300,3639150,25/12/25 at 06:52,-,0,-271850
18416738,14359250,14641950,25/12/25 at 06:55,-,0,-282700
18152032,3047550,3330850,24/12/25 at 07:34,-,0,-283300
18225631,3117900,3407450,25/12/25 at 06:46,-,0,-289550
18241583,12669250,12967700,25/12/25 at 06:41,-,0,-298450
18119404,19322550,19623650,25/12/25 at 07:01,-,0,-301100
18314931,6311700,6616100,24/12/25 at 07:26,-,0,-304400
18435624,15749200,16060300,24/12/25 at 06:29,-,0,-311100
18183246,4686150,5003750,24/12/25 at 06:58,-,0,-317600
18213926,1982500,2306500,25/12/25 at 06:58,-,0,-324000
18265285,7527300,7862650,25/12/25 at 06:38,-,0,-335350
18310969,3984150,4319600,25/12/25 at 07:05,-,0,-335450
18203588,3894800,4232350,26/12/25 at 06:40,-,0,-337550
18499705,11447100,11786450,26/12/25 at 07:03,-,0,-339350
18460976,13208650,13549200,26/12/25 at 07:34,-,0,-340550
18412436,4696900,5040450,26/12/25 at 06:52,-,0,-343550
18194470,4337600,4684450,26/12/25 at 06:46,-,0,-346850
18146164,3266250,3617200,25/12/25 at 06:38,-,0,-350950
18374678,7020650,7397750,26/12/25 at 06:43,-,0,-377100
18389369,5159850,5545500,25/12/25 at 06:45,-,0,-385650
18341497,5149050,5548700,26/12/25 at 07:19,-,0,-399650
18318537,4117150,4518150,24/12/25 at 07:25,-,0,-401000
18459789,6976750,7379250,25/12/25 at 07:05,-,0,-402500
18479097,5762000,6164750,26/12/25 at 07:31,-,0,-402750
18119170,22586950,22992650,26/12/25 at 07:14,-,0,-405700
18133394,59591700,60000000,26/12/25 at 13:59,-,0,-408300
18614100,15697300,16106650,25/12/25 at 06:40,-,0,-409350
18312334,5156650,5566000,24/12/25 at 06:49,-,0,-409350
18207944,3567500,3976950,26/12/25 at 06:31,-,0,-409450
18165996,11481800,11891300,24/12/25 at 06:54,-,0,-409500
18192312,3132550,3557350,25/12/25 at 06:30,-,0,-424800
18326795,5036250,5461500,25/12/25 at 07:05,-,0,-425250
18038987,1828100,2253400,26/12/25 at 07:05,-,0,-425300
18417478,5036250,5463300,26/12/25 at 06:31,-,0,-427050
18521720,18904400,19338600,24/12/25 at 06:54,-,0,-434200
18309055,14039150,14479400,24/12/25 at 06:46,-,0,-440250
18431874,5729250,6175150,24/12/25 at 06:51,-,0,-445900
18245008,23357550,23806200,26/12/25 at 07:07,-,0,-448650
18387258,25301250,25750000,25/12/25 at 16:45,25.750.000 baht,0,-448750
18444374,7638750,8091200,26/12/25 at 06:57,-,0,-452450
18366984,8275800,8730750,24/12/25 at 07:13,-,0,-454950
18127442,9727150,10188350,24/12/25 at 07:15,-,0,-461200
18356668,3338050,3805050,25/12/25 at 06:37,-,0,-467000
18134017,3983800,4462500,24/12/25 at 07:15,-,0,-478700
18445629,7013700,7500000,24/12/25 at 14:11,-,0,-486300
18174286,3776300,4264200,25/12/25 at 06:58,-,0,-487900
18077606,4161100,4650850,26/12/25 at 06:30,-,0,-489750
18438422,5718500,6217600,26/12/25 at 06:31,-,0,-499100
18393063,6630900,7132500,24/12/25 at 06:40,-,0,-501600
18011132,9170350,9682200,24/12/25 at 06:33,-,0,-511850
18263027,5072750,5600900,26/12/25 at 07:17,-,0,-528150
18468441,14990750,15529100,26/12/25 at 07:18,-,0,-538350
18505121,26334250,26875000,25/12/25 at 09:51,-,0,-540750
18193585,3039650,3580600,24/12/25 at 06:44,-,0,-540950
18254092,4077100,4624550,24/12/25 at 06:45,-,0,-547450
18374597,3253900,3802250,26/12/25 at 07:06,-,0,-548350
18155428,3910100,4460900,24/12/25 at 07:15,-,0,-550800
18446721,18293900,18854800,25/12/25 at 06:40,-,0,-560900
18269970,12801400,13363400,24/12/25 at 07:07,-,0,-562000
17985449,1836800,2420250,24/12/25 at 06:34,-,0,-583450
18459197,5437250,6024800,25/12/25 at 07:04,-,0,-587550
18019628,11265400,11860900,26/12/25 at 07:12,-,0,-595500
18119281,2678750,3299800,26/12/25 at 07:36,-,0,-621050
18502788,8201000,8846350,25/12/25 at 07:04,-,0,-645350
18367865,7592800,8244200,26/12/25 at 06:31,-,0,-651400
18415391,11968750,12620600,25/12/25 at 06:54,-,0,-651850
18248504,4328900,4988250,26/12/25 at 06:31,-,0,-659350
18170442,3567500,4230750,26/12/25 at 07:39,-,0,-663250
18053572,1896900,2567750,24/12/25 at 06:29,-,0,-670850
18472618,7019400,7704600,24/12/25 at 06:46,-,0,-685200
18444252,10260400,10973800,26/12/25 at 06:49,-,0,-713400
18024470,10740000,11458100,24/12/25 at 06:32,-,0,-718100
18283639,12822200,13555800,26/12/25 at 06:47,-,0,-733600
18012928,4168350,4906150,26/12/25 at 07:11,-,0,-737800
18435598,4740850,5495350,24/12/25 at 06:52,-,0,-754500
18182771,3359000,4115000,25/12/25 at 06:42,-,0,-756000
18453575,13402750,14162050,25/12/25 at 06:48,-,0,-759300
18377925,16900550,17670450,25/12/25 at 06:39,-,0,-769900
18430802,44228000,45000000,24/12/25 at 03:03,-,0,-772000
18262129,3988400,4763850,24/12/25 at 07:19,-,0,-775450
18074413,2889250,3692650,24/12/25 at 06:47,-,0,-803400
18372479,16169600,16974300,26/12/25 at 07:06,-,0,-804700
18346530,4022150,4827950,24/12/25 at 06:48,-,0,-805800
18178599,10892250,11711750,26/12/25 at 07:28,-,0,-819500
18282783,8215500,9039800,24/12/25 at 06:39,-,0,-824300
18525102,10078300,10903650,25/12/25 at 07:04,-,0,-825350
18117454,3567500,4395950,24/12/25 at 07:36,-,0,-828450
18273273,3867700,4698300,26/12/25 at 07:04,-,0,-830600
18306904,5008250,5839350,26/12/25 at 06:31,-,0,-831100
18175803,6839150,7677750,25/12/25 at 06:32,-,0,-838600
18249608,4669750,5516250,26/12/25 at 07:04,-,0,-846500
18423518,5103700,5954350,26/12/25 at 06:57,-,0,-850650
18309408,4392950,5249300,25/12/25 at 06:31,-,0,-856350
18317256,34138800,35000000,28/12/25 at 13:28,35.000.000 baht,0,-861200
18309933,4862150,5744850,26/12/25 at 06:34,-,0,-882700
18332103,3488650,4376900,24/12/25 at 06:54,-,0,-888250
18385213,12982200,13876550,24/12/25 at 07:19,-,0,-894350
18384234,4542200,5437900,26/12/25 at 07:32,-,0,-895700
18401939,7773450,8673050,24/12/25 at 06:39,-,0,-899600
18431166,8737950,9640950,26/12/25 at 07:14,-,0,-903000
18483716,8421100,9336950,24/12/25 at 07:12,-,0,-915850
18343805,16459450,17384850,26/12/25 at 07:24,-,0,-925400
18347418,8187100,9127300,24/12/25 at 07:20,-,0,-940200
18278044,5007400,5951250,24/12/25 at 07:18,-,0,-943850
18381399,6221550,7167350,25/12/25 at 06:56,-,0,-945800
18528568,10743950,11694600,24/12/25 at 07:34,-,0,-950650
18163329,1918950,2885400,24/12/25 at 06:54,-,0,-966450
18224822,4688350,5665150,25/12/25 at 06:32,-,0,-976800
18266678,5052750,6039350,25/12/25 at 06:48,-,0,-986600
18371816,16923000,17913800,24/12/25 at 07:06,-,0,-990800
18338110,5046400,6037950,24/12/25 at 07:03,-,0,-991550
18310793,12708000,13718900,24/12/25 at 07:21,-,0,-1010900
18321284,18388000,19418350,24/12/25 at 06:55,-,0,-1030350
18261211,13775350,14809100,26/12/25 at 06:37,-,0,-1033750
18324398,48198700,49234700,26/12/25 at 07:10,49.234.700 baht,0,-1036000
18175833,4211300,5256750,24/12/25 at 07:31,-,0,-1045450
18393908,22709700,23755450,24/12/25 at 06:51,-,0,-1045750
18389610,6504750,7564050,25/12/25 at 07:04,-,0,-1059300
18469045,5259350,6322600,25/12/25 at 06:44,-,0,-1063250
18394294,6015950,7080850,24/12/25 at 06:45,-,0,-1064900
18443309,18774200,19845650,24/12/25 at 06:43,-,0,-1071450
18471491,10798600,11879900,25/12/25 at 06:41,-,0,-1081300
18243967,5039350,6121950,25/12/25 at 06:39,-,0,-1082600
18392597,7303050,8391850,24/12/25 at 06:38,-,0,-1088800
18414768,13910700,15000000,24/12/25 at 14:17,-,0,-1089300
18517833,13403800,14500000,29/12/25 at 05:28,-,0,-1096200
18416329,9536700,10637000,24/12/25 at 07:18,-,0,-1100300
18405752,6594200,7707850,25/12/25 at 06:52,-,0,-1113650
18051179,1889400,3011900,24/12/25 at 06:41,-,0,-1122500
18520875,12159650,13286550,26/12/25 at 06:30,-,0,-1126900
18245224,15976950,17123350,26/12/25 at 06:35,-,0,-1146400
18469711,30616700,31763650,25/12/25 at 06:48,-,0,-1146950
18370194,5213050,6366850,25/12/25 at 06:37,-,0,-1153800
18115199,6919550,8077700,25/12/25 at 06:55,-,0,-1158150
18256368,9031650,10202650,25/12/25 at 06:53,-,0,-1171000
18481560,6262050,7437650,25/12/25 at 06:46,-,0,-1175600
18387168,5874250,7057850,24/12/25 at 07:28,-,0,-1183600
18447395,6021450,7212150,24/12/25 at 07:15,-,0,-1190700
18322081,5103700,6302000,25/12/25 at 06:47,-,0,-1198300
18536585,9729250,10936150,24/12/25 at 06:35,-,0,-1206900
18608962,31861150,33083550,24/12/25 at 06:43,33.083.550 baht,0,-1222400
18547776,10465000,11706100,26/12/25 at 07:09,-,0,-1241100
18396888,5769050,7016250,24/12/25 at 06:48,-,0,-1247200
18520885,5687750,6940700,26/12/25 at 06:43,-,0,-1252950
18324895,9513950,10778050,25/12/25 at 06:48,-,0,-1264100
18296346,8115100,9387800,25/12/25 at 07:03,-,0,-1272700
18447413,14370100,15649200,26/12/25 at 07:05,-,0,-1279100
18122276,8314100,9593550,26/12/25 at 06:41,-,0,-1279450
18402550,11489200,12792200,26/12/25 at 07:41,-,0,-1303000
18370184,18028050,19344900,25/12/25 at 06:51,-,0,-1316850
18615874,28342800,29663950,24/12/25 at 06:59,-,0,-1321150
18279974,8118450,9454700,25/12/25 at 07:02,-,0,-1336250
18322606,3798250,5156000,24/12/25 at 06:33,-,0,-1357750
18449487,8736300,10117150,24/12/25 at 06:48,-,0,-1380850
18508125,8385400,9769100,26/12/25 at 06:45,-,0,-1383700
18342155,26259200,27646100,24/12/25 at 06:42,-,0,-1386900
18117706,3187300,4582200,24/12/25 at 06:43,-,0,-1394900
18179441,1796600,3200400,24/12/25 at 07:09,-,0,-1403800
18412255,12281050,13695600,25/12/25 at 06:43,-,0,-1414550
18450136,6986050,8407850,24/12/25 at 06:58,-,0,-1421800
18013543,7415200,8850100,24/12/25 at 07:28,-,0,-1434900
18380492,26504050,27939600,25/12/25 at 06:34,-,0,-1435550
18411158,18501250,19936850,25/12/25 at 06:35,-,0,-1435600
18367847,10661850,12131800,26/12/25 at 06:29,-,0,-1469950
18565054,13002400,14475000,25/12/25 at 09:52,-,0,-1472600
18249881,21665150,23155700,24/12/25 at 06:28,-,0,-1490550
18561049,21809350,23307200,25/12/25 at 06:57,-,0,-1497850
18408909,16285450,17785400,24/12/25 at 07:24,-,0,-1499950
18337730,3996150,5500000,25/12/25 at 13:19,-,0,-1503850
18111876,5599250,7121100,24/12/25 at 07:07,-,0,-1521850
18479190,8335250,9859950,26/12/25 at 07:10,-,0,-1524700
18512569,7293500,8852100,26/12/25 at 07:15,-,0,-1558600
18012343,1749150,3318000,24/12/25 at 06:29,-,0,-1568850
18178918,2678250,4248300,24/12/25 at 07:18,-,0,-1570050
18205536,98422350,100000000,Today at 15:37,-,0,-1577650
18268989,15841050,17482650,26/12/25 at 07:11,-,0,-1641600
18210303,18826400,20487500,26/12/25 at 07:35,-,0,-1661100
18334995,16003150,17679450,26/12/25 at 06:58,-,0,-1676300
18314553,10147550,11830800,25/12/25 at 06:31,-,0,-1683250
18221068,13709050,15393550,25/12/25 at 06:59,-,0,-1684500
18118437,6938950,8639850,26/12/25 at 06:37,-,0,-1700900
18461943,6980700,8693850,24/12/25 at 07:16,-,0,-1713150
18326297,3286200,5000000,24/12/25 at 12:58,-,0,-1713800
18074252,10470700,12192900,24/12/25 at 07:23,-,0,-1722200
18557407,10772950,12496150,24/12/25 at 07:25,-,0,-1723200
18331585,13776550,15524050,24/12/25 at 06:31,-,0,-1747500
18070329,3658100,5405800,25/12/25 at 07:29,-,0,-1747700
18231789,9482000,11248950,25/12/25 at 06:52,-,0,-1766950
18414681,8069100,9840750,26/12/25 at 06:34,-,0,-1771650
18012223,5424050,7198250,25/12/25 at 06:50,-,0,-1774200
18437873,11432400,13229250,26/12/25 at 06:34,-,0,-1796850
18399799,10167000,11990100,25/12/25 at 06:58,-,0,-1823100
18332698,10167000,11998700,26/12/25 at 06:35,-,0,-1831700
18387729,17071400,18923550,26/12/25 at 06:41,-,0,-1852150
18395659,10167000,12019850,25/12/25 at 06:39,-,0,-1852850
18334163,10460000,12321850,24/12/25 at 06:39,-,0,-1861850
18369715,22633100,24500000,26/12/25 at 20:35,-,0,-1866900
18114458,8354250,10249600,26/12/25 at 06:32,-,0,-1895350
18481681,15001850,16918300,26/12/25 at 07:22,-,0,-1916450
17986958,5588550,7546850,24/12/25 at 07:12,-,0,-1958300
18516690,11287650,13261250,24/12/25 at 07:28,-,0,-1973600
18556812,18016050,20000000,26/12/25 at 10:54,-,0,-1983950
18260863,19679100,21664100,25/12/25 at 06:39,-,0,-1985000
18255566,9879700,11880000,24/12/25 at 06:31,-,0,-2000300
18428309,10078300,12137550,24/12/25 at 07:06,-,0,-2059250
18584771,15032550,17140500,26/12/25 at 06:37,-,0,-2107950
18026482,10296750,12428800,24/12/25 at 07:08,-,0,-2132050
18502031,17857250,20000000,26/12/25 at 10:55,-,0,-2142750
18404238,12982200,15138600,25/12/25 at 06:33,-,0,-2156400
18285053,28202650,30416450,24/12/25 at 06:50,-,0,-2213800
18118347,11481800,13734350,26/12/25 at 07:11,-,0,-2252550
18068750,27642850,30000000,28/12/25 at 13:29,-,0,-2357150
18185355,13431250,15795350,24/12/25 at 07:05,-,0,-2364100
18305507,14725950,17125800,26/12/25 at 07:30,-,0,-2399850
18349588,12595700,15046100,25/12/25 at 06:41,-,0,-2450400
18368774,25829650,28281100,24/12/25 at 06:37,-,0,-2451450
18373017,35796050,38250150,24/12/25 at 07:08,-,0,-2454100
18435585,13512850,16140250,24/12/25 at 07:35,-,0,-2627400
18034978,3239300,5880000,24/12/25 at 07:01,-,0,-2640700
18655500,29854700,32500000,25/12/25 at 18:58,-,0,-2645300
18321352,26632000,29289750,24/12/25 at 07:17,-,0,-2657750
18356157,8350400,11029700,24/12/25 at 07:32,-,0,-2679300
18600687,52246700,55000000,24/12/25 at 18:40,-,0,-2753300
17985071,20976500,23748350,25/12/25 at 06:29,-,0,-2771850
18424055,22015700,24809350,24/12/25 at 07:35,-,0,-2793650
18113895,22054250,24887750,26/12/25 at 07:18,-,0,-2833500
18055866,3356450,6205700,25/12/25 at 07:30,-,0,-2849250
18123308,15819450,18750000,25/12/25 at 11:51,-,0,-2930550
18368039,28296800,31250000,25/12/25 at 12:58,-,0,-2953200
18370321,27947050,30924800,26/12/25 at 07:02,-,0,-2977750
18321378,26293550,29303550,26/12/25 at 06:29,-,0,-3010000
18079971,14534450,17560900,25/12/25 at 06:29,-,0,-3026450
18249490,4930100,7957550,24/12/25 at 07:11,-,0,-3027450
18499232,11962500,15000000,25/12/25 at 14:36,15.000.000 baht,0,-3037500
18499493,46958350,50000000,26/12/25 at 10:41,-,0,-3041650
18295583,7567700,10643850,24/12/25 at 07:12,-,0,-3076150
18010623,26478600,29600800,25/12/25 at 06:31,-,0,-3122200
18435730,14058200,17222500,24/12/25 at 07:06,-,0,-3164300
18123043,14611400,17801150,26/12/25 at 07:07,-,0,-3189750
18486502,16713100,20000000,24/12/25 at 03:02,-,0,-3286900
18335192,3300000,6623350,24/12/25 at 07:36,-,0,-3323350
18297547,15928900,19253050,24/12/25 at 07:05,-,0,-3324150
18257453,14087600,17437900,26/12/25 at 06:33,-,0,-3350300
18305569,6506350,9900750,25/12/25 at 06:44,-,0,-3394400
18527856,9038400,12500000,Today at 19:40,-,0,-3461600
18185222,27111300,30666800,24/12/25 at 06:59,-,0,-3555500
18074748,96391200,100000000,25/12/25 at 20:57,-,0,-3608800
18431264,28821350,32430900,26/12/25 at 07:29,-,0,-3609550
18322905,14981750,18633750,26/12/25 at 07:03,-,0,-3652000
18342330,51144000,55000000,26/12/25 at 15:06,-,0,-3856000
18392367,46889850,50754750,24/12/25 at 06:36,-,0,-3864900
18088443,28480050,32365100,26/12/25 at 07:26,-,0,-3885050
18188966,36572900,40566050,25/12/25 at 06:32,-,0,-3993150
18505205,43492250,47500000,27/12/25 at 06:50,-,0,-4007750
18068254,45955400,50000000,26/12/25 at 09:13,-,0,-4044600
18426580,41220500,45320750,26/12/25 at 06:35,-,0,-4100250
18382414,21817150,25944150,26/12/25 at 07:01,-,0,-4127000
18462803,20720200,24902050,26/12/25 at 06:49,-,0,-4181850
18099469,7970800,12195750,24/12/25 at 07:03,-,0,-4224950
18136981,21530050,25765950,24/12/25 at 06:44,-,0,-4235900
18277732,19245600,23531750,24/12/25 at 06:33,-,0,-4286150
18175072,23503400,27819050,24/12/25 at 07:21,-,0,-4315650
18082614,35944650,40262900,26/12/25 at 07:14,-,0,-4318250
18246405,20416100,24799300,24/12/25 at 06:48,-,0,-4383200
18397279,21241350,25782550,26/12/25 at 06:30,-,0,-4541200
18329468,24250050,28903800,25/12/25 at 06:30,-,0,-4653750
17994577,20099950,25000000,25/12/25 at 11:51,-,0,-4900050
18459953,28073250,33122550,24/12/25 at 07:16,-,0,-5049300
18632630,27464750,32586950,24/12/25 at 07:29,-,0,-5122200
18183681,6204150,11725450,24/12/25 at 07:04,-,0,-5521300
18063058,44315600,50000000,29/12/25 at 09:18,-,0,-5684400
18377181,37260150,42989100,26/12/25 at 07:36,-,0,-5728950
18321296,28731550,34602200,26/12/25 at 06:57,-,0,-5870650
18265919,43988600,50000000,Today at 16:37,-,0,-6011400
18181553,36930550,42969550,26/12/25 at 07:17,-,0,-6039000
18417689,25829650,31928600,24/12/25 at 07:12,-,0,-6098950
18343784,68900600,75000000,28/12/25 at 13:13,-,0,-6099400
18415230,82034200,88377600,24/12/25 at 06:59,-,0,-6343400
18295974,21233600,27695300,24/12/25 at 06:36,-,0,-6461700
18152552,51050450,57777950,25/12/25 at 06:49,-,0,-6727500
18373205,38404200,45157900,24/12/25 at 07:25,-,0,-6753700
18135447,4530050,11535300,24/12/25 at 07:37,-,0,-7005250
18481044,36212100,43225750,25/12/25 at 06:30,-,0,-7013650
18374077,31289400,38762700,25/12/25 at 06:37,-,0,-7473300
18463929,59166100,66671850,24/12/25 at 06:42,-,0,-7505750
18373968,52457850,60000000,Today at 16:41,-,0,-7542150
18386897,51947400,59798400,25/12/25 at 07:05,-,0,-7851000
18420559,31930250,39785550,24/12/25 at 07:12,-,0,-7855300
18182138,41854250,49750000,24/12/25 at 16:33,-,0,-7895750
18399388,41739450,49715900,24/12/25 at 06:30,-,0,-7976450
18258810,69153250,77794600,24/12/25 at 07:02,-,0,-8641350
18157452,41311650,50000000,26/12/25 at 20:06,-,0,-8688350
18526375,16124800,25000000,24/12/25 at 14:00,-,0,-8875200
18467752,116093200,125000000,26/12/25 at 21:59,-,0,-8906800
18611065,25590100,35000000,25/12/25 at 18:56,-,0,-9409900
18055826,4093200,13584100,24/12/25 at 06:40,13.584.100 baht,0,-9490900
18010659,9128250,18750000,25/12/25 at 11:52,-,0,-9621750
18366961,29549900,39285700,24/12/25 at 13:53,-,0,-9735800
18251756,49510100,59375000,25/12/25 at 10:43,-,0,-9864900
18062891,46282600,56250000,25/12/25 at 10:54,-,0,-9967400
18306390,4152000,14285700,24/12/25 at 13:48,-,0,-10133700
18568801,56572100,66975650,25/12/25 at 06:33,-,0,-10403550
18151971,4176150,14765650,24/12/25 at 07:19,-,0,-10589500
18009121,34266600,45000000,25/12/25 at 14:59,-,0,-10733400
18525515,55730900,66467650,25/12/25 at 07:07,-,0,-10736750
18531872,23767450,35000000,26/12/25 at 15:06,-,0,-11232550
18060886,63366450,75000000,25/12/25 at 10:50,-,0,-11633550
18530615,43213900,55000000,25/12/25 at 18:59,-,0,-11786100
18605180,85631750,97500000,Today at 15:52,-,0,-11868250
18115874,44278450,56250000,25/12/25 at 10:49,56.250.000 baht,0,-11971550
18232031,13972400,26169850,24/12/25 at 06:31,-,0,-12197450
18218124,44991800,57500000,29/12/25 at 20:51,-,0,-12508200
18413192,54822350,67380750,26/12/25 at 06:33,-,0,-12558400
18568257,47309150,60000000,26/12/25 at 10:14,-,0,-12690850
18183154,87220750,100000000,Today at 15:30,-,0,-12779250
18417766,51235900,65000000,26/12/25 at 22:07,-,0,-13764100
18566165,33723050,47500000,Today at 15:50,47.500.000 baht,0,-13776950
18098927,1834400,16126650,25/12/25 at 06:58,18.464.200 baht,0,-14292250
18518461,15078850,30000000,26/12/25 at 15:06,-,0,-14921150
18321035,122279450,137500000,25/12/25 at 10:48,-,0,-15220550
18608974,54450750,70000000,24/12/25 at 18:40,-,0,-15549250
18073803,8318300,25000000,25/12/25 at 07:07,-,0,-16681700
18596159,120319600,137500000,24/12/25 at 01:05,-,0,-17180400
18369915,84651650,101935100,25/12/25 at 06:57,-,0,-17283450
18379842,56136500,75000000,24/12/25 at 13:59,-,0,-18863500
18393647,5473450,25977500,24/12/25 at 07:19,-,0,-20504050
18539450,96891900,117500000,26/12/25 at 15:06,-,0,-20608100
18592687,59154950,80000000,24/12/25 at 01:04,-,0,-20845050
18194594,14126700,35000000,Today at 16:38,-,0,-20873300
18456777,10477350,31405350,24/12/25 at 13:34,-,0,-20928000
18635900,66123950,87500000,25/12/25 at 17:45,-,0,-21376050
18524114,98215700,120000000,24/12/25 at 19:53,-,0,-21784300
18502921,76774850,100000000,26/12/25 at 06:11,-,0,-23225150
18177106,56267800,80000000,Today at 15:37,-,0,-23732200
18574584,61021600,85000000,25/12/25 at 13:32,-,0,-23978400
18599446,35842150,60000000,26/12/25 at 06:09,-,0,-24157850
18441087,86220900,111000000,25/12/25 at 18:48,-,0,-24779100
18248375,81102750,106250000,25/12/25 at 10:45,-,0,-25147250
18434399,104733050,130000000,26/12/25 at 06:10,-,0,-25266950
18209095,74256850,100000000,Today at 15:32,-,0,-25743150
18277311,99057950,125000000,28/12/25 at 08:46,-,0,-25942050
18187788,123751000,150000000,Today at 15:30,-,0,-26249000
18394161,21970450,49375000,25/12/25 at 09:51,-,0,-27404550
18571850,31225900,60000000,26/12/25 at 06:10,-,0,-28774100
18603150,60195050,90000000,26/12/25 at 08:23,-,0,-29804950
18180510,44991800,75000000,27/12/25 at 22:14,-,0,-30008200
18508558,38003650,68663000,29/12/25 at 23:22,-,0,-30659350
18550797,65903550,100000000,28/12/25 at 13:22,-,0,-34096450
18498794,65876750,100000000,26/12/25 at 06:11,-,0,-34123250
18563222,35525800,70000000,24/12/25 at 18:41,-,0,-34474200
18123865,50827200,87500000,25/12/25 at 10:55,-,0,-36672800
18431693,92911150,130000000,26/12/25 at 06:10,-,0,-37088850
18095325,212203450,250000000,26/12/25 at 10:14,-,0,-37796550
18192943,80982300,120000000,Today at 15:32,-,0,-39017700
18593093,35153600,75000000,25/12/25 at 13:32,-,0,-39846400
18527233,47084000,87500000,27/12/25 at 22:16,-,0,-40416000
18422152,104464550,145000000,24/12/25 at 14:00,-,0,-40535450
18246134,108898550,150000000,24/12/25 at 13:56,-,0,-41101450
18303786,7610450,49500000,25/12/25 at 09:02,-,0,-41889550
18561089,57574450,100000000,26/12/25 at 06:12,-,0,-42425550
18627365,94995200,137500000,25/12/25 at 14:38,-,0,-42504800
18199922,154389600,200000000,Today at 15:37,-,0,-45610400
18430839,4322500,50000000,Today at 16:00,-,0,-45677500
18435522,84945750,133333350,26/12/25 at 14:10,-,0,-48387600
18194852,99590050,150000000,Today at 15:38,-,0,-50409950
18560459,47643400,100000000,26/12/25 at 07:23,-,0,-52356600
18564806,46335800,100000000,26/12/25 at 06:12,-,0,-53664200
18496364,245000300,300000000,28/12/25 at 10:19,-,0,-54999700
18561011,36687550,92500000,24/12/25 at 00:18,-,0,-55812450
18543360,131203850,187500000,27/12/25 at 10:22,-,0,-56296150
18447761,93699700,150000000,26/12/25 at 06:11,-,0,-56300300
18197945,3596600,60000000,Today at 21:38,-,0,-56403400
18011537,2142150,60000000,Today at 21:39,-,0,-57857850
18527555,16960050,75000000,26/12/25 at 13:57,-,0,-58039950
18290467,131689750,190000000,24/12/25 at 13:57,-,0,-58310250
18012285,66231600,125000000,25/12/25 at 10:54,-,0,-58768400
18226113,86376450,150000000,Today at 15:31,-,0,-63623550
18227883,56148200,120000000,Today at 15:36,-,0,-63851800
18410632,60653450,124999950,24/12/25 at 07:27,-,0,-64346500
18538296,134329400,200000000,24/12/25 at 14:01,-,0,-65670600
18213117,93630150,160000000,24/12/25 at 20:34,-,0,-66369850
18355244,68660700,137500000,29/12/25 at 08:39,-,0,-68839300
18385277,180998050,250000000,24/12/25 at 19:36,-,0,-69001950
18441941,116780700,187500000,25/12/25 at 10:46,-,0,-70719300
18610684,127350050,200000000,26/12/25 at 06:11,-,0,-72649950
18571132,25518650,100000000,26/12/25 at 06:12,-,0,-74481350
18593012,50190250,125000000,28/12/25 at 07:24,-,0,-74809750
17988977,4576600,80000000,Today at 21:39,-,0,-75423400
18117989,78629450,156250000,25/12/25 at 10:41,-,0,-77620550
18538881,31696350,110000000,26/12/25 at 22:01,-,0,-78303650
18185784,101453200,180000000,Today at 15:38,-,0,-78546800
18024499,121438800,199999950,Today at 21:52,-,0,-78561150
18199810,171389550,250000000,Today at 15:39,-,0,-78610450
18054574,70171600,150000000,Today at 21:15,-,0,-79828400
18373366,76055800,156250000,25/12/25 at 10:52,-,0,-80194200
18324210,164723300,249999950,25/12/25 at 14:06,-,0,-85276650
18580388,66399000,156250000,25/12/25 at 18:45,-,0,-89851000
18318888,103380200,197500000,24/12/25 at 10:15,-,0,-94119800
18437560,225337400,322500000,25/12/25 at 10:32,-,0,-97162600
18592625,116136300,220000000,25/12/25 at 20:33,-,0,-103863700
18328811,137987550,250000000,Today at 20:26,-,0,-112012450
18055331,249089350,390000000,25/12/25 at 23:39,-,0,-140910650
18524751,245000300,389000000,24/12/25 at 04:32,-,0,-143999700
18502638,118880550,275000000,24/12/25 at 22:25,-,0,-156119450
18339201,182070250,345000000,25/12/25 at 10:32,-,0,-162929750
18332859,0,500000000,25/12/25 at 13:17,-,0,-500000000
